zone_name,pd
NCEN,14752.546841391324
COAS,13629.966458748608
SCEN,8508.098027558042
FWES,6212.191792900591
SOUT,4119.4506157009455
EAST,1816.23476765571
NOTH,1554.0074431847388
WEST,1412.7504865922265
ISOLATED,0.0
