kmeans_cluster,bus_count,average_pd,confidence_mean
0,2,84.66139184807781,1.0
1,7,88.42933744329396,1.0
2,6,146.30117816890535,1.0
3,5,225.95425927593024,1.0
