bus_id,kmeans_cluster,kmeans_confidence,zone,average_pd,gmm_cluster,cluster_confidence
CTZ_138KV_1,0,0.3471244855339365,COAS,500.3900533568769,,0.3471244855339365
CVN_138KV_1,0,0.3774528639811391,COAS,129.01784169648977,,0.3774528639811391
DESSAU_138KV_1,1,1.0,SCEN,174.06563511508463,,1.0
DOWGEN_138KV_16,0,0.0,COAS,240.9441942473529,,0.0
SNDSW_138KV_1,2,1.0,SCEN,388.45005809397,,1.0
WIN_138KV_1,0,0.39274166530870125,COAS,163.16657112421532,,0.39274166530870125
